City_ID,City,Country,Date,Lat,Lng,Max Temp,Humidity,Cloudiness,Wind Speed
0,Pierre,US,2022-03-09 20:08:23,44.3683,-100.351,27.05,53,100,14.97
1,Asau,RO,2022-03-09 20:12:08,46.4333,26.4,24.76,89,91,3.8
2,Sawtell,AU,2022-03-09 20:12:09,-30.3833,153.1,66.22,72,8,12.66
3,San Jose De Guanipa,VE,2022-03-09 20:12:09,8.8872,-64.1651,85.35,48,99,10.49
4,Mataura,NZ,2022-03-09 20:12:10,-46.1927,168.8643,54.48,93,100,2.86
5,Okha,RU,2022-03-09 20:12:10,53.5739,142.9478,-1.59,100,100,3.27
6,Rikitea,PF,2022-03-09 20:11:47,-23.1203,-134.9692,78.67,70,52,5.99
7,Isangel,VU,2022-03-09 20:12:11,-19.55,169.2667,79.7,80,1,5.64
8,Kaseda,JP,2022-03-09 20:12:12,31.4167,130.3167,49.86,74,0,4.41
9,Yar-Sale,RU,2022-03-09 20:12:12,66.8333,70.8333,-13.86,90,92,10.29
10,Gornopravdinsk,RU,2022-03-09 20:12:13,60.05,69.9,-21.98,100,68,3.18
11,Upernavik,GL,2022-03-09 20:08:57,72.7868,-56.1549,-12.21,98,100,1.43
12,Avarua,CK,2022-03-09 20:11:06,-21.2078,-159.775,78.85,94,100,5.75
13,Ostrovnoy,RU,2022-03-09 20:12:14,68.0531,39.5131,20.07,88,100,8.97
14,Khandyga,RU,2022-03-09 20:12:14,62.6667,135.6,-4.79,98,100,1.07
15,Saskylakh,RU,2022-03-09 20:12:15,71.9167,114.0833,-31.31,100,72,2.77
16,Qaanaaq,GL,2022-03-09 20:12:16,77.484,-69.3632,-3.06,59,0,8.66
17,Ajaccio,FR,2022-03-09 20:12:16,42.0,8.9167,39.18,70,0,4.61
18,Honiara,SB,2022-03-09 20:09:14,-9.4333,159.95,78.48,85,95,1.68
19,Denpasar,ID,2022-03-09 20:12:12,-8.65,115.2167,78.46,100,40,3.44
20,Ushuaia,AR,2022-03-09 20:07:20,-54.8,-68.3,49.66,66,75,12.66
21,Punta Arenas,CL,2022-03-09 20:12:17,-53.15,-70.9167,55.42,62,0,20.71
22,Bredasdorp,ZA,2022-03-09 20:12:18,-34.5322,20.0403,67.28,88,13,6.51
23,Belmonte,BR,2022-03-09 20:12:18,-15.8631,-38.8828,79.3,69,7,7.27
24,Kavieng,PG,2022-03-09 20:12:19,-2.5744,150.7967,81.18,73,100,5.21
25,Tiznit,MA,2022-03-09 20:12:20,29.5833,-9.5,54.41,83,100,1.86
26,East London,ZA,2022-03-09 20:12:20,-33.0153,27.9116,72.23,88,100,7.94
27,Victoria,HK,2022-03-09 20:12:01,22.2855,114.1577,66.25,80,22,14.05
28,Butterworth,MY,2022-03-09 20:12:21,5.3991,100.3638,80.64,89,20,3.44
29,Necochea,AR,2022-03-09 20:12:22,-38.5473,-58.7368,69.04,45,14,14.52
30,Flin Flon,CA,2022-03-09 20:12:23,54.7682,-101.865,6.24,75,100,10.89
31,Jamestown,US,2022-03-09 20:12:23,42.097,-79.2353,37.94,62,100,5.75
32,Havelock,US,2022-03-09 20:12:23,34.8791,-76.9013,69.78,91,100,8.01
33,Independencia,BR,2022-03-09 20:12:24,-5.3964,-40.3086,90.61,37,87,6.46
34,Benguela,AO,2022-03-09 20:12:25,-12.5763,13.4055,78.46,80,94,6.91
35,Albany,US,2022-03-09 20:12:06,42.6001,-73.9662,34.81,90,100,3.29
36,Bambanglipuro,ID,2022-03-09 20:12:25,-7.95,110.2833,76.95,89,100,1.74
37,Saldanha,ZA,2022-03-09 20:09:03,-33.0117,17.9442,65.03,95,8,21.79
38,Hermanus,ZA,2022-03-09 20:12:26,-34.4187,19.2345,70.9,94,48,9.48
39,Vaini,TO,2022-03-09 20:12:26,-21.2,-175.2,77.16,94,75,3.44
40,Busselton,AU,2022-03-09 20:12:27,-33.65,115.3333,71.04,52,98,7.16
41,Port Alfred,ZA,2022-03-09 20:12:27,-33.5906,26.891,72.43,89,0,11.74
42,Grand Gaube,MU,2022-03-09 20:12:28,-20.0064,57.6608,78.39,88,20,10.22
43,Luwuk,ID,2022-03-09 20:12:28,-0.9516,122.7875,77.67,87,67,1.83
44,Naze,JP,2022-03-09 20:12:29,28.3667,129.4833,55.42,60,0,7.87
45,Puerto Ayora,EC,2022-03-09 20:12:29,-0.7393,-90.3518,87.76,89,38,8.01
46,Cabo San Lucas,MX,2022-03-09 20:12:30,22.8909,-109.9124,77.5,56,20,3.44
47,Thompson,CA,2022-03-09 20:13:30,55.7435,-97.8558,3.99,80,100,10.11
48,Hobart,AU,2022-03-09 20:09:15,-42.8794,147.3294,49.86,80,75,9.22
49,Vangaindrano,MG,2022-03-09 20:13:31,-23.35,47.6,75.54,93,78,4.0
50,Sao Sebastiao,BR,2022-03-09 20:13:32,-23.76,-45.4097,82.31,76,33,3.87
51,Cherskiy,RU,2022-03-09 20:13:32,68.75,161.3,-0.36,89,96,3.53
52,Ubinskoye,RU,2022-03-09 20:13:32,55.3068,79.6802,-12.33,100,98,2.66
53,Roebourne,AU,2022-03-09 20:13:33,-20.7833,117.1333,85.21,53,66,2.84
54,New Norfolk,AU,2022-03-09 20:13:34,-42.7826,147.0587,49.5,76,8,3.2
55,Zarubino,RU,2022-03-09 20:13:34,42.63,131.0922,35.24,92,90,6.06
56,Katsuura,JP,2022-03-09 20:13:35,35.1333,140.3,44.71,68,9,9.57
57,Pacific Grove,US,2022-03-09 20:13:35,36.6177,-121.9166,71.62,71,0,13.8
58,Santiago,CL,2022-03-09 20:09:57,-33.4569,-70.6483,85.44,26,0,12.66
59,Lorengau,PG,2022-03-09 20:13:36,-2.0226,147.2712,78.37,81,91,3.15
60,Tilichiki,RU,2022-03-09 20:13:36,60.4667,166.1,12.34,87,100,8.9
61,Georgetown,MY,2022-03-09 20:11:32,5.4112,100.3354,80.53,89,20,3.44
62,Gidam,IN,2022-03-09 20:13:37,18.9833,81.4,67.41,31,5,2.68
63,Beringovskiy,RU,2022-03-09 20:13:37,63.05,179.3167,1.99,99,90,9.48
64,Dikson,RU,2022-03-09 20:13:38,73.5069,80.5464,-26.1,100,97,4.03
65,Juneau,US,2022-03-09 20:13:13,58.3019,-134.4197,37.45,62,100,0.0
66,Lebu,CL,2022-03-09 20:13:39,-37.6167,-73.65,60.12,63,0,23.85
67,Mar Del Plata,AR,2022-03-09 20:10:47,-38.0023,-57.5575,68.02,73,100,12.66
68,Half Moon Bay,US,2022-03-09 20:13:39,37.4636,-122.4286,71.06,45,0,24.16
69,Muros,ES,2022-03-09 20:13:40,42.7762,-9.0603,50.23,89,44,5.06
70,Arraial Do Cabo,BR,2022-03-09 20:13:40,-22.9661,-42.0278,78.66,78,0,17.27
71,Verkhoyansk,RU,2022-03-09 20:13:41,67.5447,133.385,-21.91,98,99,1.45
72,Mancio Lima,BR,2022-03-09 20:13:41,-7.6142,-72.8958,75.27,90,99,2.21
73,Guerrero Negro,MX,2022-03-09 20:13:42,27.9769,-114.0611,67.51,33,0,14.18
74,Kapaa,US,2022-03-09 20:13:42,22.0752,-159.319,80.11,70,75,9.22
75,Norman Wells,CA,2022-03-09 20:13:43,65.282,-126.8329,5.04,66,75,17.27
76,Westport,US,2022-03-09 20:12:17,41.1415,-73.3579,35.74,92,100,11.5
77,Dingle,PH,2022-03-09 20:13:43,10.9995,122.6711,75.78,92,100,8.37
78,Atuona,PF,2022-03-09 20:13:44,-9.8,-139.0333,78.89,78,18,15.77
79,Yellowknife,CA,2022-03-09 20:10:17,62.456,-114.3525,2.17,90,100,8.99
80,Shaoyang,CN,2022-03-09 20:13:44,27.2315,111.4525,59.61,69,0,1.83
81,Barrow,US,2022-03-09 20:13:45,71.2906,-156.7887,-5.78,84,0,9.22
82,Tiksi,RU,2022-03-09 20:13:45,71.6872,128.8694,-23.51,100,100,1.43
83,Smithers,CA,2022-03-09 20:13:46,54.7804,-127.1743,31.05,64,16,1.77
84,Hithadhoo,MV,2022-03-09 20:13:46,-0.6,73.0833,82.87,61,16,4.05
85,Grindavik,IS,2022-03-09 20:13:47,63.8424,-22.4338,34.27,64,100,24.16
86,Banda Aceh,ID,2022-03-09 20:13:47,5.5577,95.3222,78.64,81,98,3.62
87,Chala,TZ,2022-03-09 20:13:48,-7.5833,31.2667,59.36,92,98,1.54
88,San Patricio,US,2022-03-09 20:13:48,28.017,-97.5169,64.17,36,0,6.35
89,Tessalit,ML,2022-03-09 20:13:49,20.1986,1.0114,75.61,9,54,10.02
90,Yeppoon,AU,2022-03-09 20:11:34,-23.1333,150.7333,73.18,91,13,4.34
91,Mandera,KE,2022-03-09 20:13:49,3.9366,41.867,88.32,25,99,8.97
92,Ponta Do Sol,PT,2022-03-09 20:14:50,32.6667,-17.1,63.72,69,46,5.61
93,Kaitangata,NZ,2022-03-09 20:14:50,-46.2817,169.8464,55.83,96,100,4.88
94,Rehoboth,NA,2022-03-09 20:14:51,-23.3167,17.0833,78.84,37,93,12.86
95,Santa Maria,BR,2022-03-09 20:14:07,-29.6842,-53.8069,74.03,89,79,5.3
96,Howard Springs,AU,2022-03-09 20:14:51,-12.497,131.047,78.71,97,33,4.56
97,Bluff,NZ,2022-03-09 20:14:52,-46.6,168.3333,54.81,93,100,5.46
98,Usinsk,RU,2022-03-09 20:14:52,65.9939,57.5281,-17.43,100,96,4.09
99,Jalu,LY,2022-03-09 20:14:53,29.0331,21.5482,56.89,49,6,16.64
100,Moralillo,MX,2022-03-09 20:14:53,22.2167,-97.9,68.23,60,100,6.91
101,Krivosheino,RU,2022-03-09 20:14:54,57.3431,83.9261,-9.45,100,98,3.47
102,Hilo,US,2022-03-09 20:14:54,19.7297,-155.09,82.13,67,0,9.22
103,Srednekolymsk,RU,2022-03-09 20:12:19,67.45,153.6833,-14.13,100,94,4.23
104,Pychas,RU,2022-03-09 20:14:55,56.5033,52.4409,3.06,93,48,7.23
105,Tuktoyaktuk,CA,2022-03-09 20:14:56,69.4541,-133.0374,-13.0,77,40,5.75
106,Faanui,PF,2022-03-09 20:14:56,-16.4833,-151.75,80.96,72,55,10.87
107,Mayo,US,2022-03-09 20:14:57,38.8876,-76.5119,44.94,94,100,9.22
108,Upata,VE,2022-03-09 20:14:57,8.0086,-62.3989,77.2,89,100,3.02
109,Ordzhonikidze,KZ,2022-03-09 20:14:58,52.4411,61.7408,6.12,96,100,6.17
110,Mattru,SL,2022-03-09 20:14:58,7.6244,-11.8332,81.77,70,92,6.69
111,Tasiilaq,GL,2022-03-09 20:14:59,65.6145,-37.6368,26.76,87,100,39.12
112,Sitka,US,2022-03-09 20:14:59,57.0531,-135.33,37.29,65,20,3.44
113,Tateyama,JP,2022-03-09 20:15:00,34.9833,139.8667,44.62,67,8,9.15
114,Laureles,US,2022-03-09 20:15:00,26.1092,-97.4941,59.11,72,100,14.97
115,Hay River,CA,2022-03-09 20:15:01,60.8156,-115.7999,10.38,61,75,9.22
116,Rio Cuarto,AR,2022-03-09 20:15:01,-33.1307,-64.3499,69.57,73,75,11.5
117,Saint-Philippe,RE,2022-03-09 20:15:02,-21.3585,55.7679,80.19,85,20,7.74
118,Dakar,SN,2022-03-09 20:13:30,14.6937,-17.4441,68.88,82,92,17.81
119,Dunedin,NZ,2022-03-09 20:15:02,-45.8742,170.5036,58.8,92,100,4.0
120,Saint George,US,2022-03-09 20:15:03,37.1041,-113.5841,59.79,24,0,12.66
121,Cape Town,ZA,2022-03-09 20:15:04,-33.9258,18.4232,71.11,88,20,19.57
122,Nikolskoye,RU,2022-03-09 20:15:05,59.7035,30.7861,13.89,99,29,1.57
123,Ixtapa,MX,2022-03-09 20:13:24,20.7,-105.2,74.43,69,0,9.22
124,Nuuk,GL,2022-03-09 20:15:06,64.1835,-51.7216,11.01,61,20,16.11
125,Torbay,CA,2022-03-09 20:15:07,47.6666,-52.7314,35.58,57,20,27.63
126,Buala,SB,2022-03-09 20:15:07,-8.145,159.5921,79.81,81,95,5.23
127,Puerto Madero,MX,2022-03-09 20:15:07,14.7208,-92.4215,88.0,66,75,11.5
128,Haines Junction,CA,2022-03-09 20:15:08,60.7522,-137.5108,13.95,52,87,1.14
129,Mahebourg,MU,2022-03-09 20:15:09,-20.4081,57.7,80.89,78,20,3.44
130,Hobyo,SO,2022-03-09 20:15:09,5.3505,48.5268,78.84,67,100,15.5
131,Innisfail,AU,2022-03-09 20:15:10,-17.5333,146.0333,77.97,85,82,3.31
132,Iwaki,JP,2022-03-09 20:15:10,37.05,140.8833,29.77,72,12,5.12
133,Zyryanka,RU,2022-03-09 20:12:19,65.75,150.85,-20.09,100,61,1.61
134,College,US,2022-03-09 20:15:11,64.8569,-147.8028,28.58,87,100,0.0
135,Castro,BR,2022-03-09 20:15:11,-24.7911,-50.0119,73.18,84,97,3.76
136,Longfeng,CN,2022-03-09 20:15:12,46.55,125.1167,26.13,85,0,8.72
137,Kruisfontein,ZA,2022-03-09 20:15:12,-34.0033,24.7314,74.19,66,56,10.76
138,Eskil,TR,2022-03-09 20:16:13,38.4017,33.4131,37.29,81,100,1.7
139,Meulaboh,ID,2022-03-09 20:16:14,4.1363,96.1285,77.43,87,100,2.1
140,Supata,CO,2022-03-09 20:16:14,5.061,-74.2372,74.93,69,79,5.03
141,Abu Samrah,SY,2022-03-09 20:16:15,35.3029,37.1841,47.28,89,3,11.43
142,Black River,JM,2022-03-09 20:16:15,18.0264,-77.8487,82.4,61,14,18.14
143,Pevek,RU,2022-03-09 20:16:16,69.7008,170.3133,8.94,80,62,7.67
144,Chapais,CA,2022-03-09 20:16:17,49.7834,-74.8492,29.98,93,100,12.59
145,Alugan,PH,2022-03-09 20:16:17,12.2188,125.4808,78.82,89,100,16.58
146,Kikwit,CD,2022-03-09 20:16:18,-5.041,18.8162,74.89,84,68,3.06
147,Bilma,NE,2022-03-09 20:13:23,18.6853,12.9164,78.67,17,95,17.54
148,Esperance,AU,2022-03-09 20:16:19,-33.8667,121.9,62.24,74,100,12.59
149,Stawell,AU,2022-03-09 20:16:19,-37.05,142.7667,50.32,80,2,12.26
150,Atambua,ID,2022-03-09 20:16:20,-9.1061,124.8925,72.95,90,70,2.37
151,Honningsvag,NO,2022-03-09 20:16:20,70.9821,25.9704,29.95,80,0,27.63
152,Olafsvik,IS,2022-03-09 20:16:21,64.8945,-23.7142,33.71,94,100,15.35
153,Port Elizabeth,ZA,2022-03-09 20:16:22,-33.918,25.5701,66.49,94,0,4.61
154,Togur,RU,2022-03-09 20:16:22,58.3631,82.8265,-22.61,100,34,3.94
155,Port Hardy,CA,2022-03-09 20:16:23,50.6996,-127.4199,46.58,34,20,18.41
156,Zaysan,KZ,2022-03-09 20:16:24,47.4667,84.8667,24.13,95,99,0.6
157,Nicoya,CR,2022-03-09 20:16:24,10.1483,-85.452,94.55,35,11,6.58
158,Monticello,US,2022-03-09 20:16:24,45.3055,-93.7941,20.23,46,0,18.41
159,Cayenne,GF,2022-03-09 20:16:25,4.9333,-52.3333,81.09,62,100,3.0
160,Itoman,JP,2022-03-09 20:16:26,26.1247,127.6694,60.82,63,20,5.75
161,Along,IN,2022-03-09 20:16:26,28.1667,94.7667,60.13,60,2,2.15
162,North Branford,US,2022-03-09 20:16:26,41.3276,-72.7673,35.85,95,100,8.05
163,San Quintin,MX,2022-03-09 20:16:27,30.4833,-115.95,63.88,42,0,13.42
164,Krasnyy Yar,RU,2022-03-09 20:16:28,46.5331,48.3456,33.73,72,100,9.55
165,Sikasso,ML,2022-03-09 20:13:22,10.9167,-7.0,86.81,12,1,4.61
166,Mazara Del Vallo,IT,2022-03-09 20:16:28,37.6641,12.588,46.35,61,6,9.93
167,Nadym,RU,2022-03-09 20:16:29,65.5333,72.5167,-20.45,93,26,10.22
168,Panubigan,PH,2022-03-09 20:16:30,7.4281,123.3466,78.39,85,100,5.23
169,Camacha,PT,2022-03-09 20:16:30,33.0833,-16.3333,58.53,67,20,6.91
170,Carnarvon,AU,2022-03-09 20:16:30,-24.8667,113.6333,82.83,57,0,5.39
171,Codrington,AU,2022-03-09 20:16:31,-38.2667,141.9667,59.16,61,64,13.02
172,Komsomolskiy,UZ,2022-03-09 20:16:32,40.4272,71.7189,52.52,58,75,6.91
173,Machinga,MW,2022-03-09 20:16:32,-15.1685,35.3,66.52,96,80,2.37
174,Longyearbyen,SJ,2022-03-09 20:16:33,78.2186,15.6401,26.44,100,100,4.61
175,Khatanga,RU,2022-03-09 20:16:33,71.9667,102.5,-0.08,97,100,4.43
176,Butaritari,KI,2022-03-09 20:16:34,3.0707,172.7902,80.17,82,71,12.93
177,Beloha,MG,2022-03-09 20:16:34,-25.1667,45.05,75.94,87,2,12.26
178,Goderich,CA,2022-03-09 20:16:35,43.7501,-81.7165,39.04,69,93,12.66
179,Bathsheba,BB,2022-03-09 20:16:35,13.2167,-59.5167,77.61,73,75,19.57
180,Saint-Pierre,RE,2022-03-09 20:16:36,-21.3393,55.4781,80.28,85,100,0.0
181,Monrovia,LR,2022-03-09 20:15:12,6.3005,-10.7969,80.85,85,89,9.62
182,Vestmanna,FO,2022-03-09 20:16:37,62.1564,-7.1664,40.12,70,75,19.57
183,Dwarka,IN,2022-03-09 20:15:20,22.2394,68.9678,75.49,69,0,15.3
184,Bethel,US,2022-03-09 20:17:37,41.3712,-73.414,34.29,90,100,1.99
185,Padang,ID,2022-03-09 20:17:38,-0.9492,100.3543,78.15,86,100,3.09
186,Mut,TR,2022-03-09 20:17:38,36.6439,33.4389,46.2,77,12,2.62
187,Chuy,UY,2022-03-09 20:17:39,-33.6971,-53.4616,74.52,64,99,11.12
188,Pisco,PE,2022-03-09 20:17:39,-13.7,-76.2167,78.85,61,0,14.97
189,Tha Bo,TH,2022-03-09 20:17:40,17.85,102.5814,78.44,58,4,2.84
190,Narsaq,GL,2022-03-09 20:17:40,60.9167,-46.05,10.62,71,1,4.21
191,Nemuro,JP,2022-03-09 20:14:18,43.3236,145.575,28.72,85,17,10.07
192,Kaeo,NZ,2022-03-09 20:17:41,-35.1,173.7833,64.33,94,79,8.55
193,Lorica,CO,2022-03-09 20:17:41,9.2365,-75.8135,87.91,57,50,9.13
194,Korhogo,CI,2022-03-09 20:16:09,9.45,-5.6333,85.64,14,5,4.09
195,Sao Felix Do Xingu,BR,2022-03-09 20:17:42,-6.6447,-51.995,74.39,95,100,1.16
196,Deniliquin,AU,2022-03-09 20:17:43,-35.5333,144.9667,53.01,71,1,8.23
197,Altagracia De Orituco,VE,2022-03-09 20:17:43,9.8601,-66.3814,83.48,56,100,8.14
198,Charlestown,AU,2022-03-09 20:17:44,-32.95,151.6667,63.73,74,72,8.01
199,Kodiak,US,2022-03-09 20:17:44,57.79,-152.4072,42.31,87,100,14.97
200,Tres Arroyos,AR,2022-03-09 20:17:44,-38.3739,-60.2798,72.5,22,8,10.98
201,Paamiut,GL,2022-03-09 20:17:45,61.994,-49.6678,6.8,94,50,12.39
202,Iisalmi,FI,2022-03-09 20:17:45,63.5592,27.1907,21.22,94,100,6.69
203,Port Macquarie,AU,2022-03-09 20:17:46,-31.4333,152.9167,66.16,76,84,12.24
204,Natal,BR,2022-03-09 20:17:47,-5.795,-35.2094,84.85,79,40,14.97
205,Talara,PE,2022-03-09 20:17:47,-4.5772,-81.2719,86.76,58,0,19.57
206,Touros,BR,2022-03-09 20:17:48,-5.1989,-35.4608,85.1,74,100,12.35
207,Ahipara,NZ,2022-03-09 20:17:48,-35.1667,173.1667,66.33,74,31,7.09
208,Maryborough,AU,2022-03-09 20:17:49,-25.5333,152.7,73.8,95,40,8.39
209,Puerto Del Rosario,ES,2022-03-09 20:17:49,28.5004,-13.8627,64.15,72,20,9.22
210,San Felipe,VE,2022-03-09 20:17:50,10.3399,-68.7425,81.86,61,72,9.01
211,Owensboro,US,2022-03-09 20:15:12,37.7742,-87.1133,52.16,43,0,5.75
212,Santa Cruz,BO,2022-03-09 20:15:03,-17.8,-63.1667,87.85,55,75,13.8
213,Ambon,ID,2022-03-09 20:17:51,-3.6954,128.1814,77.14,88,40,5.75
214,Charagua,BO,2022-03-09 20:17:51,-19.8,-63.2167,94.57,53,83,9.48
215,Santa Rosa,PH,2022-03-09 20:14:31,14.3122,121.1114,78.12,76,100,13.51
216,Villa Maria,AR,2022-03-09 20:17:52,-32.4075,-63.2402,74.79,76,92,6.64
217,Mandalgovi,MN,2022-03-09 20:17:52,45.7625,106.2708,28.51,56,94,8.16
218,La Rioja,ES,2022-03-09 20:13:16,42.25,-2.5,46.04,75,100,5.01
219,Zhuhai,CN,2022-03-09 20:17:53,22.2769,113.5678,65.98,82,40,5.75
220,Sao Francisco,BR,2022-03-09 20:17:54,-15.9486,-44.8644,82.08,54,90,4.68
221,Ancud,CL,2022-03-09 20:17:54,-41.8697,-73.8203,59.43,65,70,9.64
222,Hami,CN,2022-03-09 20:17:55,42.8,93.45,46.65,37,98,3.96
223,Alofi,NU,2022-03-09 20:17:55,-19.0595,-169.9187,76.89,88,75,5.75
224,Tevaitoa,PF,2022-03-09 20:17:56,-16.7833,-151.5,81.01,73,63,11.68
225,Bengkulu,ID,2022-03-09 20:17:56,-3.8004,102.2655,75.94,87,97,3.13
226,Namatanai,PG,2022-03-09 20:17:57,-3.6667,152.4333,78.08,78,100,1.45
227,Egvekinot,RU,2022-03-09 20:17:57,66.3167,-179.1667,13.68,69,0,11.39
228,Excelsior Springs,US,2022-03-09 20:15:00,39.3392,-94.2261,44.8,52,0,11.5
229,Mersing,MY,2022-03-09 20:18:58,2.4312,103.8405,80.51,83,47,8.05
230,Siocon,PH,2022-03-09 20:18:59,7.7061,122.1353,78.46,90,97,5.44
231,Ust-Karsk,RU,2022-03-09 20:18:59,52.7011,118.8077,24.53,82,93,11.48
232,Grand-Santi,GF,2022-03-09 20:19:00,4.25,-54.3833,77.07,97,100,4.7
233,Hambantota,LK,2022-03-09 20:19:00,6.1241,81.1185,76.08,81,79,10.83
234,Seymchan,RU,2022-03-09 20:19:01,62.8833,152.4333,-11.9,100,98,1.61
235,Novyy Urgal,RU,2022-03-09 20:19:01,51.0736,132.5642,20.86,98,100,1.45
236,Ust-Nera,RU,2022-03-09 20:19:02,64.5667,143.2,0.59,100,100,3.29
237,Balikpapan,ID,2022-03-09 20:19:02,-1.2675,116.8289,77.99,100,40,5.75
238,Acapulco,MX,2022-03-09 20:19:03,16.8634,-99.8901,84.02,65,0,13.8
239,Uruzgan,AF,2022-03-09 20:19:03,32.8333,66.0,52.3,63,3,6.26
240,Gladstone,AU,2022-03-09 20:19:04,-23.85,151.25,73.33,94,75,1.14
241,Thiruvananthapuram,IN,2022-03-09 20:19:04,8.4833,76.9167,82.38,83,20,2.3
242,Manaure,CO,2022-03-09 20:19:05,11.7751,-72.4445,86.67,53,74,15.64
243,Airai,TL,2022-03-09 20:19:05,-8.9266,125.4092,59.34,93,83,1.92
244,Leningradskiy,RU,2022-03-09 20:19:06,69.3833,178.4167,3.87,91,44,8.52
245,Lompoc,US,2022-03-09 20:19:06,34.6391,-120.4579,74.79,65,0,16.11
246,Thomaston,US,2022-03-09 20:18:47,32.8882,-84.3266,63.34,79,100,6.91
247,Tazovskiy,RU,2022-03-09 20:19:07,67.4667,78.7,-9.51,97,100,10.04
248,Ribeira Grande,PT,2022-03-09 20:19:07,38.5167,-28.7,63.0,88,75,21.85
249,Grajau,BR,2022-03-09 20:19:08,-5.8194,-46.1386,80.35,90,100,2.86
250,Chokurdakh,RU,2022-03-09 20:19:09,70.6333,147.9167,-13.94,99,100,3.98
251,Nara,JP,2022-03-09 20:19:09,34.6851,135.8049,42.08,73,0,2.06
252,Lingao,CN,2022-03-09 20:19:10,19.9103,109.6859,66.49,86,5,11.77
253,Talnakh,RU,2022-03-09 20:19:10,69.4865,88.3972,-23.69,100,100,0.2
254,Pampa,US,2022-03-09 20:19:11,35.5362,-100.9599,58.57,28,0,21.85
255,Pangkalanbuun,ID,2022-03-09 20:19:11,-2.6833,111.6167,73.51,99,100,2.98
256,Faya,SA,2022-03-09 20:19:12,18.3851,42.4509,63.12,60,4,4.23
257,Salamiyah,SY,2022-03-09 20:15:15,35.0113,37.0532,48.31,90,31,16.8
258,Realeza,BR,2022-03-09 20:19:12,-25.7689,-53.5325,75.61,78,95,6.29
259,Ferrol,ES,2022-03-09 20:19:15,43.4832,-8.2369,50.68,78,93,8.37
260,Karratha,AU,2022-03-09 20:19:15,-20.7377,116.8463,85.68,51,86,2.19
261,Henties Bay,NA,2022-03-09 20:19:16,-22.116,14.2845,64.85,87,96,11.74
262,Ketchikan,US,2022-03-09 20:19:16,55.3422,-131.6461,39.67,38,0,8.05
263,Lafiagi,NG,2022-03-09 20:19:17,8.8667,5.4167,90.7,16,10,4.65
264,Cidreira,BR,2022-03-09 20:19:18,-30.1811,-50.2056,78.13,82,81,16.11
265,Lotofaga,WS,2022-03-09 20:19:19,-13.9764,-171.8578,82.02,78,100,14.63
266,Beyneu,KZ,2022-03-09 20:19:19,45.3167,55.2,43.84,65,100,21.77
267,Pokosnoye,RU,2022-03-09 20:19:20,55.5258,101.0536,2.14,99,96,1.95
268,Bambous Virieux,MU,2022-03-09 20:19:20,-20.3428,57.7575,80.85,78,20,3.44
269,Rayong,TH,2022-03-09 20:19:21,12.8333,101.4333,75.88,80,65,2.84
270,Lasa,IT,2022-03-09 20:19:21,46.6166,10.7002,40.46,75,3,4.29
271,Vila Franca Do Campo,PT,2022-03-09 20:19:22,37.7167,-25.4333,61.21,87,100,9.66
272,Baglung,NP,2022-03-09 20:19:22,28.2719,83.5898,58.6,29,85,6.85
273,Takhtamygda,RU,2022-03-09 20:19:23,54.1,123.5667,22.98,95,100,8.84
274,Surt,LY,2022-03-09 20:19:23,31.2089,16.5887,56.17,59,40,21.0
275,Yantal,RU,2022-03-09 20:19:24,56.8471,105.2542,7.83,94,100,5.35
276,Traunstein,DE,2022-03-09 20:19:24,47.8833,12.65,34.36,64,0,3.67
277,Mount Isa,AU,2022-03-09 20:20:25,-20.7333,139.5,82.17,28,40,10.36
278,Bocos,PH,2022-03-09 20:20:25,16.9265,121.0573,59.32,95,100,2.3
279,Eisenstadt,AT,2022-03-09 20:20:26,47.8457,16.5233,45.09,61,15,7.92
280,Shingu,JP,2022-03-09 20:20:26,33.7333,135.9833,38.91,55,0,5.39
281,Kusa,RU,2022-03-09 20:20:27,55.3383,59.4406,10.31,92,100,4.23
282,Auki,SB,2022-03-09 20:20:27,-8.7676,160.7034,76.87,86,72,3.31
283,Oktyabrskiy,RU,2022-03-09 20:20:28,54.4815,53.471,13.3,96,100,5.39
284,Yurimaguas,PE,2022-03-09 20:20:28,-5.9,-76.0833,78.96,89,75,5.75
285,Suntar,RU,2022-03-09 20:20:29,62.1444,117.6319,-10.59,99,84,3.71
286,Bobrov,RU,2022-03-09 20:20:29,51.0961,40.0333,15.24,93,100,14.7
287,Sarny,UA,2022-03-09 20:20:30,51.338,26.6019,26.87,58,79,10.47
288,Carauari,BR,2022-03-09 20:20:30,-4.8828,-66.8958,79.43,79,98,2.68
289,Nouadhibou,MR,2022-03-09 20:20:31,20.931,-17.0347,69.78,60,0,14.97
290,Gayny,RU,2022-03-09 20:20:31,60.3071,54.3241,-13.13,100,80,1.61
291,Gorodishche,RU,2022-03-09 20:20:32,48.8045,44.4744,27.48,100,100,6.71
292,Sao Sebastiao Do Paraiso,BR,2022-03-09 20:20:32,-20.9169,-46.9914,79.39,61,4,3.11
293,Dasoguz,TM,2022-03-09 20:20:33,41.8363,59.9666,49.95,71,0,16.11
294,Neyshabur,IR,2022-03-09 20:20:33,36.2133,58.7958,57.42,40,99,14.79
295,Concepcion,CL,2022-03-09 20:20:34,-36.827,-73.0498,67.8,52,0,23.02
296,Fort-Shevchenko,KZ,2022-03-09 20:20:34,44.5086,50.263,43.93,80,100,7.58
297,Severo-Yeniseyskiy,RU,2022-03-09 20:20:35,60.3725,93.0408,-11.31,99,99,3.74
298,Rio Grande,BR,2022-03-09 20:20:35,-32.035,-52.0986,80.71,80,100,13.27
299,Adrar,MR,2022-03-09 20:20:35,20.5022,-10.0711,72.91,11,84,10.45
300,Madison,US,2022-03-09 20:17:30,34.7334,-86.5667,52.77,78,100,8.05
301,Abu Kamal,SY,2022-03-09 20:20:36,34.4506,40.9171,57.45,64,75,5.14
302,Fortuna,US,2022-03-09 20:20:37,40.5982,-124.1573,60.48,69,0,14.97
303,Malchin,DE,2022-03-09 20:20:37,53.7333,12.7833,34.21,83,1,6.69
304,Saint-Augustin,CA,2022-03-09 20:16:03,51.226,-58.6502,21.7,72,57,12.12
305,Kudahuvadhoo,MV,2022-03-09 20:20:38,2.6708,72.8944,81.95,66,0,4.38
306,Zapolyarnyy,RU,2022-03-09 20:20:39,69.4154,30.8136,22.28,93,100,14.76
307,Olinda,BR,2022-03-09 20:20:39,-8.0089,-34.8553,83.93,70,40,12.66
308,Fort Morgan,US,2022-03-09 20:20:30,40.2503,-103.8,13.42,85,100,27.63
309,Rundu,NA,2022-03-09 20:20:40,-17.9333,19.7667,68.34,87,45,3.98
310,Turukhansk,RU,2022-03-09 20:20:40,65.8167,87.9833,-23.6,98,100,3.38
311,Krasnopavlivka,UA,2022-03-09 20:20:41,49.1372,36.3272,23.58,89,100,12.53
312,Moyale,KE,2022-03-09 20:20:41,3.5167,39.0584,76.01,34,93,11.61
313,Berlevag,NO,2022-03-09 20:20:42,70.8578,29.0864,30.15,69,100,28.77
314,Birin,NP,2022-03-09 20:20:42,26.8865,88.0718,55.85,36,0,5.46
315,Simbahan,PH,2022-03-09 20:20:43,6.3032,120.5836,79.54,82,87,5.53
316,Nichinan,JP,2022-03-09 20:20:44,31.6,131.3667,47.8,72,0,3.18
317,Sweetwater,US,2022-03-09 20:20:44,25.7634,-80.3731,86.02,69,40,19.57
318,Damietta,EG,2022-03-09 20:20:45,31.4165,31.8133,56.55,80,0,10.56
319,Coihaique,CL,2022-03-09 20:16:31,-45.5752,-72.0662,55.35,58,100,6.91
320,Mecca,SA,2022-03-09 20:20:45,21.4267,39.8261,79.61,45,33,3.58
321,Pryazha,RU,2022-03-09 20:20:46,61.6926,33.6216,15.03,100,94,3.62
322,Guntakal,IN,2022-03-09 20:20:46,15.1667,77.3833,78.19,42,83,6.98
323,Buraydah,SA,2022-03-09 20:20:47,26.326,43.975,77.45,19,26,11.32
324,Bud,US,2022-03-09 20:21:47,39.447,-86.1758,50.94,44,1,9.06
325,Castle Rock,US,2022-03-09 20:18:45,39.3722,-104.8561,42.98,77,100,11.59
326,Agua Verde,MX,2022-03-09 20:21:49,22.9,-106.05,77.09,51,22,10.07
327,Mount Gambier,AU,2022-03-09 20:21:49,-37.8333,140.7667,52.52,80,0,6.58
328,Novyye Burasy,RU,2022-03-09 20:20:14,52.1324,46.0714,16.84,92,100,17.18
329,Mahanoro,MG,2022-03-09 20:21:50,-19.9,48.8,76.12,92,100,1.61
330,Nanortalik,GL,2022-03-09 20:21:50,60.1432,-45.2371,13.71,73,17,13.53
331,Moindou,NC,2022-03-09 20:21:51,-21.6924,165.677,69.75,78,24,5.06
332,Krasnovishersk,RU,2022-03-09 20:21:51,60.4078,57.082,-18.33,100,70,3.71
333,Jizan,SA,2022-03-09 20:21:52,17.3333,42.6667,79.74,51,5,3.33
334,Estevan,CA,2022-03-09 20:21:50,49.1334,-102.9842,3.54,66,75,15.21
335,Ilulissat,GL,2022-03-09 20:21:52,69.2167,-51.1,5.02,61,75,8.05
336,Salinas,US,2022-03-09 20:21:53,36.6777,-121.6555,71.91,59,0,13.8
337,Bardiyah,LY,2022-03-09 20:21:53,31.7561,25.0865,55.67,64,20,19.1
338,Riyadh,SA,2022-03-09 20:17:31,24.6877,46.7219,77.14,19,34,13.71
339,Springfield,US,2022-03-09 20:18:41,37.2153,-93.2982,53.42,50,75,5.99
340,Iqaluit,CA,2022-03-09 20:21:54,63.7506,-68.5145,-11.47,77,75,4.61
341,Pemangkat,ID,2022-03-09 20:21:55,1.1667,108.9667,77.18,90,100,7.25
342,Udachnyy,RU,2022-03-09 20:21:55,66.4167,112.4,-18.54,100,100,2.64
343,Atintis,RO,2022-03-09 20:21:56,46.4333,24.1,24.73,63,0,3.44
344,Kahului,US,2022-03-09 20:20:47,20.8947,-156.47,82.98,60,20,6.91
345,Thinadhoo,MV,2022-03-09 20:21:56,0.5333,72.9333,82.36,64,11,3.0
346,Hluti,SZ,2022-03-09 20:21:57,-27.2167,31.6167,72.14,85,98,2.84
347,Ahuimanu,US,2022-03-09 20:21:57,21.4447,-157.8378,82.11,71,20,3.44
348,Vanavara,RU,2022-03-09 20:21:58,60.34,102.2797,-18.09,100,69,2.51
349,San Carlos De Bariloche,AR,2022-03-09 20:21:58,-41.1456,-71.3082,55.15,44,75,19.57
350,Lovington,US,2022-03-09 20:21:59,32.944,-103.3485,61.32,21,8,5.99
351,San Vicente,AR,2022-03-09 20:17:07,-26.6167,-54.1333,91.45,33,82,2.82
352,Iracoubo,GF,2022-03-09 20:22:00,5.4802,-53.2011,77.79,89,98,10.45
353,San Andres,CO,2022-03-09 20:22:00,12.5847,-81.7006,86.02,66,20,9.22
354,Cairns,AU,2022-03-09 20:18:55,-16.9167,145.7667,79.11,94,40,1.14
355,Qasigiannguit,GL,2022-03-09 20:22:01,68.8193,-51.1922,5.25,93,100,3.22
356,Ouro Preto Do Oeste,BR,2022-03-09 20:22:01,-10.7481,-62.2158,80.53,81,92,0.58
357,Caetite,BR,2022-03-09 20:22:02,-14.0694,-42.475,74.35,68,99,4.61
358,Akhalgori,GE,2022-03-09 20:22:03,42.126,44.4833,33.31,97,100,8.55
359,Kedrovyy,RU,2022-03-09 20:22:03,56.1667,91.8167,-3.59,100,98,3.8
360,Samarai,PG,2022-03-09 20:22:04,-10.6167,150.6667,82.76,75,100,5.61
361,La Ronge,CA,2022-03-09 20:22:04,55.1001,-105.2842,3.45,47,75,11.5
362,Aklavik,CA,2022-03-09 20:22:05,68.2191,-135.0107,-2.2,78,100,10.36
363,Comodoro Rivadavia,AR,2022-03-09 20:22:06,-45.8667,-67.5,73.26,13,20,28.77
364,Bulawayo,ZW,2022-03-09 20:22:07,-20.15,28.5833,64.54,62,4,12.48
365,Anderson,US,2022-03-09 20:21:07,34.5334,-82.6499,65.82,86,100,10.36
366,Suluktu,KG,2022-03-09 20:22:08,39.9337,69.57,36.88,79,82,2.35
367,Kavaratti,IN,2022-03-09 20:22:09,10.5669,72.642,82.53,73,0,9.55
368,Murray Bridge,AU,2022-03-09 20:22:09,-35.1167,139.2667,60.46,76,8,6.11
369,Tuatapere,NZ,2022-03-09 20:23:10,-46.1333,167.6833,54.82,91,100,3.02
370,Angoram,PG,2022-03-09 20:23:10,-4.0625,144.0661,72.79,100,99,2.08
371,Lakes Entrance,AU,2022-03-09 20:23:11,-37.8811,147.981,55.58,74,97,7.27
372,Khasan,RU,2022-03-09 20:23:11,42.4308,130.6434,35.76,88,47,3.22
373,Hobbs,US,2022-03-09 20:18:18,32.7026,-103.136,62.35,22,0,18.41
374,Gat,IL,2022-03-09 20:21:00,31.61,34.7642,58.41,100,28,3.58
375,Port Blair,IN,2022-03-09 20:23:12,11.6667,92.75,82.44,78,40,3.44
376,Kamina,CD,2022-03-09 20:23:13,-8.7386,24.9906,65.48,97,100,6.62
377,Sumenep,ID,2022-03-09 20:23:14,-7.0167,113.8667,78.1,86,76,4.27
378,Nizwa,OM,2022-03-09 20:23:14,22.9333,57.5333,74.28,30,1,1.81
379,Klaksvik,FO,2022-03-09 20:23:15,62.2266,-6.589,41.92,69,12,29.82
380,Dauphin,CA,2022-03-09 20:23:15,51.1494,-100.0502,5.14,66,0,24.16
381,Maturin,VE,2022-03-09 20:23:16,9.75,-63.1767,79.57,74,98,7.65
382,Ceres,US,2022-03-09 20:23:16,37.5949,-120.9577,70.12,36,0,6.91
383,Pangnirtung,CA,2022-03-09 20:23:17,66.1451,-65.7125,-7.6,71,40,3.44
384,Vao,NC,2022-03-09 20:23:17,-22.6667,167.4833,78.55,74,0,8.61
385,Coquimbo,CL,2022-03-09 20:23:18,-29.9533,-71.3436,71.33,56,0,13.8
386,Fort Nelson,CA,2022-03-09 20:23:19,58.8053,-122.7002,15.39,57,75,5.75
387,Begamganj,IN,2022-03-09 20:23:19,23.6,78.3333,71.44,47,62,4.68
388,Los Llanos De Aridane,ES,2022-03-09 20:23:20,28.6585,-17.9182,62.35,91,75,9.22
389,Cabedelo,BR,2022-03-09 20:23:20,-6.9811,-34.8339,84.87,73,100,12.28
390,Avera,US,2022-03-09 20:23:21,33.194,-82.5271,69.31,78,100,11.68
391,Port Hedland,AU,2022-03-09 20:23:21,-20.3167,118.5667,78.85,73,5,4.61
392,Luanda,AO,2022-03-09 20:21:52,-8.8368,13.2343,80.24,76,67,15.01
393,Sembakung,ID,2022-03-09 20:23:22,3.8167,117.25,72.81,98,99,2.08
394,Inzhavino,RU,2022-03-09 20:23:23,52.3185,42.4937,10.8,91,100,16.71
395,Libreville,GA,2022-03-09 20:23:23,0.3925,9.4537,80.76,85,100,8.86
396,Puerto Leguizamo,CO,2022-03-09 20:23:24,-0.1934,-74.7819,88.88,49,100,4.76
397,Blackpool,GB,2022-03-09 20:23:25,53.8167,-3.05,51.94,81,75,13.8
398,Provideniya,RU,2022-03-09 20:23:25,64.3833,-173.3,16.5,60,0,15.19
399,Acarau,BR,2022-03-09 20:23:26,-2.8856,-40.12,82.67,74,71,15.39
400,Shelburne,CA,2022-03-09 20:23:26,44.0787,-80.2041,39.67,66,100,11.1
401,Abyek,IR,2022-03-09 20:23:27,36.0667,50.55,47.8,77,100,12.48
402,Vardo,NO,2022-03-09 20:23:27,70.3705,31.1107,25.0,93,100,41.43
403,Russell,US,2022-03-09 20:23:30,32.3502,-85.1999,60.4,79,100,8.05
404,Emerald,AU,2022-03-09 20:23:30,-23.5333,148.1667,78.24,79,14,6.26
405,Gafanha Da Encarnacao,PT,2022-03-09 20:23:31,40.6181,-8.733,55.78,92,100,12.46
406,Severo-Kurilsk,RU,2022-03-09 20:23:31,50.6789,156.125,28.54,94,100,17.29
407,Caravelas,BR,2022-03-09 20:23:32,-17.7125,-39.2481,81.28,70,95,6.53
408,Ambilobe,MG,2022-03-09 20:23:32,-13.2,49.05,74.53,96,100,1.83
409,Kamiiso,JP,2022-03-09 20:23:33,41.8167,140.65,29.82,84,31,4.83
410,Palmer,US,2022-03-09 20:23:34,42.1584,-72.3287,34.65,84,100,4.61
411,Atbasar,KZ,2022-03-09 20:23:34,51.8,68.3333,4.14,97,100,7.81
412,Kochkurovo,RU,2022-03-09 20:23:35,54.0358,45.4184,6.89,92,97,13.69
413,Elko,US,2022-03-09 20:19:48,41.0002,-115.5012,37.42,53,58,18.01
414,Tura,IN,2022-03-09 20:23:35,25.5198,90.2201,67.6,34,0,2.21
415,Kaputa,ZM,2022-03-09 20:24:36,-8.4689,29.6619,70.11,90,100,3.62
416,Broome,US,2022-03-09 20:24:36,42.2506,-75.833,37.09,92,100,4.61
417,Effium,NG,2022-03-09 20:24:37,6.6292,8.0593,84.61,70,100,13.29
418,Kupang,ID,2022-03-09 20:24:37,-10.1667,123.5833,77.04,87,100,4.36
419,Baberu,IN,2022-03-09 20:24:38,25.55,80.7167,71.11,28,61,3.0
420,Souillac,MU,2022-03-09 20:24:38,-20.5167,57.5167,80.98,78,20,3.44
421,Yazman,PK,2022-03-09 20:24:39,29.1212,71.7446,72.64,39,97,7.36
422,Antalaha,MG,2022-03-09 20:24:39,-14.9003,50.2788,74.5,94,100,9.33
423,Yumen,CN,2022-03-09 20:24:40,40.2833,97.2,40.82,39,6,7.92
424,Luderitz,NA,2022-03-09 20:24:40,-26.6481,15.1594,67.28,85,4,18.39
425,Poum,NC,2022-03-09 20:24:41,-20.2333,164.0167,81.32,74,0,13.76
426,Sebezh,RU,2022-03-09 20:24:41,56.2955,28.4654,15.69,82,1,5.97
427,Bozdar,PK,2022-03-09 20:24:42,27.1828,68.636,71.67,29,80,2.57
428,Tautira,PF,2022-03-09 20:24:42,-17.7333,-149.15,84.22,75,97,12.5
429,Manggar,ID,2022-03-09 20:24:43,-2.8833,108.2667,78.22,86,96,6.89
430,Qingyuan,CN,2022-03-09 20:24:43,23.7,113.0333,58.98,58,5,2.91
431,Zhumadian,CN,2022-03-09 20:24:44,32.9794,114.0294,53.69,59,10,4.07
432,High Level,CA,2022-03-09 20:24:44,58.5169,-117.136,15.91,67,75,4.61
433,Hamilton,US,2022-03-09 20:24:45,39.1834,-84.5333,51.75,53,75,8.05
434,Asyut,EG,2022-03-09 20:24:45,27.181,31.1837,65.7,45,1,10.47
435,Gazojak,TM,2022-03-09 20:24:46,41.1875,61.4036,52.39,61,100,14.99
436,Laguna,US,2022-03-09 20:24:47,38.421,-121.4238,70.25,36,0,4.61
437,Lujiang,CN,2022-03-09 20:24:47,31.2581,117.2817,50.05,70,21,5.75
438,Torrington,US,2022-03-09 20:24:48,41.8007,-73.1212,34.66,92,100,4.63
439,Zubova Polyana,RU,2022-03-09 20:24:48,54.0771,42.8372,9.48,88,86,12.3
440,Dalbandin,PK,2022-03-09 20:24:49,28.8947,64.4101,69.58,42,91,9.28
441,Methoni,GR,2022-03-09 20:24:49,36.8197,21.7049,42.66,65,54,7.78
442,Sola,VU,2022-03-09 20:24:50,-13.8833,167.55,82.44,71,66,3.89
443,Curuguaty,PY,2022-03-09 20:24:50,-24.4694,-55.6945,99.14,29,100,8.28
444,San Ramon,US,2022-03-09 20:23:36,37.7799,-121.978,69.3,41,0,13.8
445,Hammerfest,NO,2022-03-09 20:24:51,70.6634,23.6821,37.85,48,0,6.91
446,Sabzevar,IR,2022-03-09 20:24:52,36.2126,57.6819,58.93,37,89,11.59
447,Aykhal,RU,2022-03-09 20:24:53,66.0,111.5,-10.97,100,100,3.89
448,Geraldton,AU,2022-03-09 20:24:53,-28.7667,114.6,64.81,82,3,8.05
449,Ambulu,ID,2022-03-09 20:24:54,-8.345,113.6058,75.16,94,97,3.31
450,Mubende,UG,2022-03-09 20:24:54,0.5606,31.39,66.47,75,99,1.19
451,Megion,RU,2022-03-09 20:24:55,61.0296,76.1136,-25.58,100,18,4.83
452,Redcliffe,AU,2022-03-09 20:24:55,-27.2307,153.0973,75.15,73,75,6.91
453,Rocha,UY,2022-03-09 20:24:56,-34.4833,-54.3333,79.2,48,99,9.66
454,Macamic,CA,2022-03-09 20:24:56,48.7502,-78.9996,32.23,90,100,11.77
455,Tingi,TZ,2022-03-09 20:24:57,-11.3,35.0333,65.46,96,100,3.29
456,Nelson Bay,AU,2022-03-09 20:24:58,-32.7167,152.15,67.1,76,100,3.0
457,Rypefjord,NO,2022-03-09 20:24:58,70.6333,23.6667,37.87,48,0,6.91
458,Rorvik,NO,2022-03-09 20:24:59,64.8621,11.2373,44.71,42,0,11.5
459,Maua,BR,2022-03-09 20:24:59,-23.6678,-46.4614,76.8,84,40,6.82
460,Beawar,IN,2022-03-09 20:26:00,26.1,74.3167,69.24,47,6,6.33
461,Valley City,US,2022-03-09 20:26:00,46.9233,-98.0032,14.99,57,40,17.27
462,Flinders,AU,2022-03-09 20:26:01,-34.5833,150.8552,62.8,77,26,12.15
463,Zhezkazgan,KZ,2022-03-09 20:26:01,47.8043,67.7144,20.48,97,100,4.43
464,Paranapanema,BR,2022-03-09 20:26:02,-23.3886,-48.7228,74.79,86,67,4.25
465,Funadhoo,MV,2022-03-09 20:26:02,6.15,73.2667,82.44,68,1,3.62
466,Erdemli,TR,2022-03-09 20:26:02,36.605,34.3084,53.02,77,3,4.54
467,Vilsbiburg,DE,2022-03-09 20:26:03,48.45,12.35,36.64,71,0,2.55
468,Vitoria Da Conquista,BR,2022-03-09 20:25:57,-14.8661,-40.8394,75.9,64,48,6.62
469,Poronaysk,RU,2022-03-09 20:26:04,49.2167,143.1167,5.2,99,64,3.04
470,Numan,NG,2022-03-09 20:26:04,9.4667,12.0333,90.03,11,56,3.04
471,Brunico,IT,2022-03-09 20:26:04,46.7958,11.9364,39.38,86,7,2.53
472,Marysville,US,2022-03-09 20:23:03,48.0518,-122.1771,49.75,46,0,6.91
473,Vanimo,PG,2022-03-09 20:26:05,-2.6741,141.3028,76.78,88,99,4.61
474,Victor Harbor,AU,2022-03-09 20:26:06,-35.5667,138.6167,60.8,80,8,12.8
475,Salalah,OM,2022-03-09 20:26:06,17.0151,54.0924,75.29,64,0,3.44
476,Harstad,NO,2022-03-09 20:26:07,68.799,16.5293,40.19,65,100,9.93
477,Richards Bay,ZA,2022-03-09 20:26:07,-28.783,32.0377,73.96,87,100,3.87
478,Gumdag,TM,2022-03-09 20:26:08,39.2061,54.5906,61.9,44,100,19.62
479,Barcelona,ES,2022-03-09 20:24:53,41.3888,2.159,54.79,83,20,3.44
480,Vendome,FR,2022-03-09 20:22:21,47.8,1.0667,53.28,78,100,8.1
481,Araxa,BR,2022-03-09 20:23:07,-19.5933,-46.9406,84.16,39,20,5.75
482,Sayat,TM,2022-03-09 20:26:09,38.7839,63.8803,46.27,50,100,11.32
483,Batagay,RU,2022-03-09 20:26:10,67.6333,134.6333,-23.44,98,94,2.8
484,Krasnyy Chikoy,RU,2022-03-09 20:26:10,50.3643,108.7512,15.51,94,100,2.66
485,Mwinilunga,ZM,2022-03-09 20:26:11,-11.7358,24.4293,64.17,97,100,1.97
486,Broken Hill,AU,2022-03-09 20:26:11,-31.95,141.4333,56.91,51,0,10.36
487,Taoudenni,ML,2022-03-09 20:26:12,22.6783,-3.9836,74.37,13,17,12.62
488,Waipawa,NZ,2022-03-09 20:26:13,-41.4122,175.5153,61.45,77,2,4.81
489,Liwale,TZ,2022-03-09 20:26:13,-9.7667,37.9333,70.56,97,100,2.48
490,Batticaloa,LK,2022-03-09 20:26:14,7.7102,81.6924,77.31,78,38,6.06
491,Umm Lajj,SA,2022-03-09 20:26:14,25.0213,37.2685,78.51,46,3,6.67
492,Heusweiler,DE,2022-03-09 20:26:14,49.35,6.9333,41.41,65,0,6.91
493,Sao Filipe,CV,2022-03-09 20:26:15,14.8961,-24.4956,70.93,70,99,17.52
494,Shenjiamen,CN,2022-03-09 20:26:15,29.9576,122.298,53.17,80,0,16.08
495,Manta,EC,2022-03-09 20:26:16,-0.95,-80.7333,85.78,66,40,6.91
496,Bakel,SN,2022-03-09 20:26:16,14.905,-12.4568,87.69,9,100,7.29
497,Nuqui,CO,2022-03-09 20:26:17,5.7125,-77.2708,88.5,73,99,7.25
498,Puerto Escondido,MX,2022-03-09 20:26:18,15.85,-97.0667,79.63,73,0,8.05
499,Martapura,ID,2022-03-09 20:26:18,-3.4167,114.85,77.09,100,100,3.44
500,Guarapari,BR,2022-03-09 20:26:18,-20.6667,-40.4975,84.09,73,19,8.5
501,Nisia Floresta,BR,2022-03-09 20:23:11,-6.0911,-35.2086,85.01,73,100,10.11
502,Umea,SE,2022-03-09 20:26:19,63.8284,20.2597,30.13,100,100,16.11
503,Newport,GB,2022-03-09 20:25:31,51.5877,-2.9984,52.68,82,100,3.0
504,Pimentel,PE,2022-03-09 20:27:20,-6.8367,-79.9342,88.09,45,0,14.97
505,San Cristobal,VE,2022-03-09 20:27:21,7.7669,-72.225,77.18,57,91,1.07
506,Dhidhdhoo,MV,2022-03-09 20:27:21,6.8833,73.1,82.17,73,12,3.67
507,Dongning,CN,2022-03-09 20:27:22,44.0622,131.1207,21.47,92,5,2.44
508,Trincomalee,LK,2022-03-09 20:27:22,8.5711,81.2335,78.91,76,25,9.75
509,Ulaangom,MN,2022-03-09 20:27:23,49.9811,92.0667,4.96,78,87,5.12
510,Mandurah,AU,2022-03-09 20:25:10,-32.55,115.7,76.21,45,65,8.3
511,Manzhouli,CN,2022-03-09 20:27:23,49.6,117.4333,23.07,49,1,25.05
512,Puerto Baquerizo Moreno,EC,2022-03-09 20:27:24,-0.9,-89.6,74.39,100,100,5.75
513,San Rafael Del Sur,NI,2022-03-09 20:27:24,11.8485,-86.4384,94.1,34,3,9.26
514,Khani,GE,2022-03-09 20:27:25,41.9563,42.9566,31.57,99,100,2.8
515,Uaua,BR,2022-03-09 20:27:25,-9.8414,-39.4817,83.71,51,100,10.63
516,Doctor Arroyo,MX,2022-03-09 20:27:26,23.6667,-100.1833,79.39,12,9,22.95
517,Churapcha,RU,2022-03-09 20:27:26,62.0025,132.4325,-15.88,100,100,1.03
518,Vydrino,RU,2022-03-09 20:27:27,51.485,104.8461,21.96,96,100,2.21
519,Turayf,SA,2022-03-09 20:27:27,31.6725,38.6637,55.65,71,0,16.11
520,Ballina,AU,2022-03-09 20:27:28,-28.8667,153.5667,69.76,86,100,10.36
521,Tamiahua,MX,2022-03-09 20:27:28,21.2667,-97.45,67.51,75,100,17.05
522,Cockburn Town,TC,2022-03-09 20:22:40,21.4612,-71.1419,77.61,77,5,19.39
523,Tashigang,BT,2022-03-09 20:27:29,27.3331,91.5542,57.88,57,0,4.99
524,Copiapo,CL,2022-03-09 20:27:30,-27.3667,-70.3333,71.29,35,0,10.33
525,Pedasi,PA,2022-03-09 20:27:30,7.5333,-80.0333,82.29,66,5,11.86
526,Amealco,MX,2022-03-09 20:27:31,20.1833,-100.15,73.47,11,22,18.19
527,Mae Sai,TH,2022-03-09 20:27:31,20.4335,99.8762,72.72,69,10,2.1
528,Dourbali,TD,2022-03-09 20:27:32,11.8091,15.8632,88.92,12,0,7.85
529,Santa Marta,CO,2022-03-09 20:27:33,11.2408,-74.199,95.05,56,20,11.01
530,Nador,MA,2022-03-09 20:27:33,35.174,-2.9287,59.25,82,20,3.44
531,Anahuac,MX,2022-03-09 20:27:34,27.2333,-100.15,63.9,25,0,8.1
532,Caucaia,BR,2022-03-09 20:27:34,-3.7361,-38.6531,84.15,77,20,11.5
533,Sinnamary,GF,2022-03-09 20:27:35,5.3833,-52.95,78.04,88,99,10.38
534,Clyde River,CA,2022-03-09 20:25:42,70.4692,-68.5914,-7.37,71,0,5.75
535,Awjilah,LY,2022-03-09 20:27:35,29.1081,21.2869,56.41,50,5,16.82
536,Te Anau,NZ,2022-03-09 20:27:36,-45.4167,167.7167,56.7,88,95,1.39
537,Krasnoselkup,RU,2022-03-09 20:27:36,65.7,82.4667,-28.57,100,66,7.18
538,Asosa,ET,2022-03-09 20:27:36,10.0667,34.5333,79.88,21,99,1.23
539,Manacapuru,BR,2022-03-09 20:27:37,-3.2997,-60.6206,77.58,93,100,6.4
540,Margate,GB,2022-03-09 20:27:37,51.3813,1.3862,49.95,79,100,1.01
541,Pout,SN,2022-03-09 20:27:38,14.7739,-17.0603,68.76,68,0,18.41
542,Viedma,AR,2022-03-09 20:27:38,-40.8135,-62.9967,69.58,20,6,15.14
543,Allapalli,IN,2022-03-09 20:27:39,19.4167,80.0667,74.44,30,0,4.05
544,Portland,US,2022-03-09 20:22:47,45.5234,-122.6762,50.59,60,20,11.5
545,Pobe,BJ,2022-03-09 20:27:39,6.9801,2.6649,83.64,71,86,10.31
546,Dezful,IR,2022-03-09 20:27:40,32.3811,48.4058,69.15,40,87,9.8
547,Suez,EG,2022-03-09 20:22:50,29.9737,32.5263,59.41,69,0,9.86
548,Pilar Do Sul,BR,2022-03-09 20:23:52,-23.8131,-47.7164,76.89,78,64,8.55
549,General Roca,AR,2022-03-09 20:27:41,-39.0333,-67.5833,78.62,14,4,16.11
550,Martos,ES,2022-03-09 20:28:41,37.7211,-3.9726,53.89,52,100,3.0
551,Champasak,LA,2022-03-09 20:28:42,14.75,106.0,73.27,66,16,2.59
552,Saint Pete Beach,US,2022-03-09 20:28:42,27.7253,-82.7412,86.25,75,0,16.11
553,Puerto Narino,CO,2022-03-09 20:28:43,-3.7703,-70.3831,84.15,88,100,5.66
554,Carutapera,BR,2022-03-09 20:28:43,-1.195,-46.02,80.74,80,100,6.29
555,Rio Gallegos,AR,2022-03-09 20:27:17,-51.6226,-69.2181,60.85,41,40,27.63
556,Bindi,SL,2022-03-09 20:28:44,9.9167,-11.45,89.06,18,59,4.56
557,Iguape,BR,2022-03-09 20:28:44,-24.7081,-47.5553,82.24,73,53,8.52
558,Sao Gabriel Da Cachoeira,BR,2022-03-09 20:28:45,-0.1303,-67.0892,89.4,58,20,5.75
559,Mineralnyye Vody,RU,2022-03-09 20:28:45,44.2103,43.1353,30.29,93,100,4.47
560,Aquiraz,BR,2022-03-09 20:28:46,-3.9014,-38.3911,84.29,78,75,9.89
561,Fare,PF,2022-03-09 20:28:46,-16.7,-151.0167,80.37,75,17,11.7
562,Massaguet,TD,2022-03-09 20:28:47,12.4755,15.4365,89.4,17,2,12.95
563,Boromo,BF,2022-03-09 20:28:47,11.75,-2.9333,90.79,11,75,6.64
564,Esna,EG,2022-03-09 20:28:48,25.2934,32.554,72.99,31,52,16.49
565,Joao Camara,BR,2022-03-09 20:28:48,-5.5375,-35.8197,83.44,62,100,13.67
566,Parati,BR,2022-03-09 20:28:48,-23.2178,-44.7131,97.7,74,97,4.74
567,Kulhudhuffushi,MV,2022-03-09 20:28:49,6.6221,73.07,81.95,72,8,3.06
568,Port Lincoln,AU,2022-03-09 20:28:49,-34.7333,135.8667,61.99,73,100,14.0
569,Weinan,CN,2022-03-09 20:28:50,34.5036,109.5089,47.89,66,100,2.59
570,Maraa,BR,2022-03-09 20:28:50,-1.8333,-65.3667,82.17,67,97,3.47
571,Erenhot,CN,2022-03-09 20:28:51,43.6475,111.9767,37.8,44,100,9.33
572,Sakakah,SA,2022-03-09 20:28:51,29.9697,40.2064,74.77,23,0,9.66
573,Saint-Joseph,RE,2022-03-09 20:28:51,-21.3667,55.6167,79.18,85,24,7.4
574,Acari,PE,2022-03-09 20:28:52,-15.4311,-74.6158,83.19,57,33,11.56
575,Kenai,US,2022-03-09 20:24:32,60.5544,-151.2583,35.02,95,100,8.05
576,Dom Pedrito,BR,2022-03-09 20:28:52,-30.9828,-54.6731,82.78,61,62,8.81
577,Chara,RU,2022-03-09 20:28:53,56.9064,118.2631,18.82,96,100,0.89
578,Usta Muhammad,PK,2022-03-09 20:28:53,28.1794,68.0445,72.27,47,92,2.77
579,Nola,IT,2022-03-09 20:28:54,40.922,14.5329,53.55,60,2,4.07
580,Shimoda,JP,2022-03-09 20:28:54,34.6667,138.95,46.98,67,78,9.17
581,Maniitsoq,GL,2022-03-09 20:28:55,65.4167,-52.9,1.78,95,87,9.51
582,Namibe,AO,2022-03-09 20:28:55,-15.1961,12.1522,73.02,79,100,11.16
583,Qaqortoq,GL,2022-03-09 20:28:56,60.7167,-46.0333,10.9,71,2,4.45
584,Ilinskiy,RU,2022-03-09 20:28:56,55.619,38.1182,14.68,57,0,11.18
585,Potsdam,DE,2022-03-09 20:28:57,52.3989,13.0657,46.06,70,0,5.3
586,Hastings,GB,2022-03-09 20:28:57,50.8552,0.5729,52.14,70,100,14.67
587,Troitskoye,RU,2022-03-09 20:28:58,52.9821,84.6757,4.73,95,100,6.22
588,Ossora,RU,2022-03-09 20:28:58,59.2353,163.0719,23.2,95,100,15.19
589,Bara,NG,2022-03-09 20:28:59,10.3744,10.7288,87.55,11,83,8.32
590,Mapiripan,CO,2022-03-09 20:28:59,2.8892,-72.1256,87.49,52,100,5.44
591,Nome,US,2022-03-09 20:28:59,64.5011,-165.4064,24.87,63,0,12.66
